{"cameraMode":{"drawMode":0,"name":"Shaded","section":"Shading Mode"},"sceneLighting":false,"audioPlay":false,"sceneViewState":{"m_AlwaysRefresh":false,"showFog":true,"showSkybox":false,"showFlares":true,"showImageEffects":true,"showParticleSystems":true,"showVisualEffectGraphs":true,"m_FxEnabled":true},"in2DMode":false,"pivot":{"x":-11.053079605102539,"y":-3.5831031799316408,"z":35.90988540649414},"rotation":{"x":-0.0023272454272955658,"y":-0.2426472008228302,"z":0.0005763721419498324,"w":-0.9701173901557922},"size":0.8660253286361694,"orthographic":false}