{"cameraMode":{"drawMode":0,"name":"Shaded","section":"Shading Mode"},"sceneLighting":true,"audioPlay":false,"sceneViewState":{"m_AlwaysRefresh":false,"showFog":true,"showSkybox":true,"showFlares":true,"showImageEffects":true,"showParticleSystems":true,"showVisualEffectGraphs":true,"m_FxEnabled":true},"in2DMode":false,"pivot":{"x":0.06387245655059815,"y":-10.32028579711914,"z":-0.8933782577514648},"rotation":{"x":0.7716277241706848,"y":0.0009541528415866196,"z":-0.0011574672535061837,"w":0.6360725164413452},"size":15.55723762512207,"orthographic":true}